{
    "loss": 0.18089145421981812,
    "accuracy": 0.9568965435028076
}